"","","Agree","Disagree","Strongly agree","Strongly disagree"
"Frequency",15,110,31,52,6
"Percentage",7.00934579439252,51.4018691588785,14.4859813084112,24.2990654205607,2.80373831775701
