"","Frequently","Never","Occasionally","Rarely"
"Frequency",83,10,81,31
"Percentage",40.4878048780488,4.8780487804878,39.5121951219512,15.1219512195122
