"","No","Yes"
"Frequency",93,115
"Percentage",44.7115384615385,55.2884615384615
