"","","Frequently","Never","Occasionally","Rarely"
"Frequency",15,53,14,73,59
"Percentage",7.00934579439252,24.7663551401869,6.54205607476635,34.1121495327103,27.5700934579439
