"","","Not at all","Somewhat","To a great extent","Very little"
"Frequency",1,8,80,103,22
"Percentage",0.467289719626168,3.73831775700935,37.3831775700935,48.1308411214953,10.2803738317757
