"","","All","None","Some"
"Frequency",118,24,11,61
"Percentage",55.1401869158878,11.214953271028,5.14018691588785,28.5046728971963
