"","","Did not attempt","No","Yes, all","Yes, some"
"Frequency",115,16,23,15,45
"Percentage",53.7383177570093,7.47663551401869,10.7476635514019,7.00934579439252,21.0280373831776
