"","Not at all","Somewhat","To a great extent","Very little"
"Frequency",7,74,116,17
"Percentage",3.27102803738318,34.5794392523364,54.2056074766355,7.94392523364486
