"","Agree","Disagree","Strongly agree","Strongly disagree"
"Frequency",99,42,46,24
"Percentage",46.9194312796209,19.9052132701422,21.8009478672986,11.3744075829384
