"","Not at all","Somewhat","To a great extent","Very little"
"Frequency",49,68,60,37
"Percentage",22.8971962616822,31.7757009345794,28.0373831775701,17.2897196261682
