"","","Not important","Somewhat important","Somewhat not important","Very important"
"Frequency",8,16,77,40,73
"Percentage",3.73831775700935,7.47663551401869,35.981308411215,18.6915887850467,34.1121495327103
