"","","Female","Male","Prefer not to say"
"Frequency",5,67,141,1
"Percentage",2.33644859813084,31.3084112149533,65.8878504672897,0.467289719626168
