"","","Frequently","Never","Occasionally","Rarely"
"Frequency",9,60,6,95,44
"Percentage",4.20560747663551,28.0373831775701,2.80373831775701,44.392523364486,20.5607476635514
