"","","Not important","Somewhat important","Somewhat not important","Very important"
"Frequency",10,16,76,30,82
"Percentage",4.67289719626168,7.47663551401869,35.5140186915888,14.018691588785,38.3177570093458
