"","","Frequently","Never","Occasionally","Rarely"
"Frequency",7,66,9,90,42
"Percentage",3.27102803738318,30.8411214953271,4.20560747663551,42.0560747663551,19.6261682242991
