"","","No","Yes"
"Frequency",6,114,94
"Percentage",2.80373831775701,53.2710280373832,43.9252336448598
