"","Under 18","18-34 years old","35-54 years old","55+ years old","NA"
"Frequency",0,44,136,38,0
"Percentage",0,20.1834862385321,62.3853211009174,17.4311926605505,0
