"","No","Yes"
"Frequency",113,102
"Percentage",52.5581395348837,47.4418604651163
