"","","Frequently","Never","Occasionally","Rarely"
"Frequency",14,37,16,74,73
"Percentage",6.54205607476635,17.2897196261682,7.47663551401869,34.5794392523364,34.1121495327103
