"","No","Yes"
"Frequency",82,125
"Percentage",39.6135265700483,60.3864734299517
