"","","No","Yes"
"Frequency",2,38,174
"Percentage",0.934579439252336,17.7570093457944,81.3084112149533
