"","","Always","Most of the time","Never","Rarely","Some of the time"
"Frequency",50,14,26,31,43,50
"Percentage",23.3644859813084,6.54205607476635,12.1495327102804,14.4859813084112,20.0934579439252,23.3644859813084
