"","","1 person","11 - 15 people","16+ people","2 - 5 people","6 - 10 people"
"Frequency",9,17,18,26,82,62
"Percentage",4.20560747663551,7.94392523364486,8.41121495327103,12.1495327102804,38.3177570093458,28.9719626168224
