"","","Not important","Somewhat important","Somewhat not important","Very important"
"Frequency",9,21,75,46,63
"Percentage",4.20560747663551,9.81308411214953,35.0467289719626,21.4953271028037,29.4392523364486
