"","","Argentina","Australia","Austria","Belgium","Brazil","Cambodia","Canada","Chile","China","Cyprus","Czech Republic","Denmark","Ethiopia","Finland","France","Germany","Greece","Hong Kong (S.A.R.)","India","Israel","Italy","Lebanon","Mexico","Netherlands","New Zealand","Norway","Poland","Portugal","Romania","Russian Federation","Slovakia","South Africa","Spain","Sweden","Switzerland","Thailand","Turkey","United Kingdom of Great Britain and Northern Ireland","United States of America","Zimbabwe"
"Frequency",10,1,10,3,1,3,1,12,3,18,1,3,3,1,4,3,7,2,2,5,3,6,1,5,6,3,2,4,4,1,1,1,3,4,5,3,2,2,17,47,1
"Percentage",4.67289719626168,0.467289719626168,4.67289719626168,1.4018691588785,0.467289719626168,1.4018691588785,0.467289719626168,5.60747663551402,1.4018691588785,8.41121495327103,0.467289719626168,1.4018691588785,1.4018691588785,0.467289719626168,1.86915887850467,1.4018691588785,3.27102803738318,0.934579439252336,0.934579439252336,2.33644859813084,1.4018691588785,2.80373831775701,0.467289719626168,2.33644859813084,2.80373831775701,1.4018691588785,0.934579439252336,1.86915887850467,1.86915887850467,0.467289719626168,0.467289719626168,0.467289719626168,1.4018691588785,1.86915887850467,2.33644859813084,1.4018691588785,0.934579439252336,0.934579439252336,7.94392523364486,21.9626168224299,0.467289719626168
