"","Did not attempt","No","Yes, all","Yes, some"
"Frequency",30,19,26,24
"Percentage",30.3030303030303,19.1919191919192,26.2626262626263,24.2424242424242
