"","","Frequently","Never","Occasionally","Rarely"
"Frequency",15,54,9,86,50
"Percentage",7.00934579439252,25.2336448598131,4.20560747663551,40.1869158878505,23.3644859813084
