"","All","None","Some"
"Frequency",20,20,58
"Percentage",20.4081632653061,20.4081632653061,59.1836734693878
