"","To a great extent","Somewhat","Very little","Not at all","NA"
"Frequency",64,82,34,37,1
"Percentage",29.3577981651376,37.6146788990826,15.5963302752294,16.9724770642202,0.458715596330275
