"","Frequently","Never","Occasionally","Rarely"
"Frequency",54,9,86,50
"Percentage",27.1356783919598,4.52261306532663,43.21608040201,25.1256281407035
