"","To a great extent","Somewhat","Very little","Not at all","NA"
"Frequency",108,81,24,5,0
"Percentage",49.5412844036697,37.1559633027523,11.0091743119266,2.29357798165138,0
