"","","Always","Most of the time","Never","Rarely","Some of the time"
"Frequency",38,35,50,19,31,41
"Percentage",17.7570093457944,16.3551401869159,23.3644859813084,8.8785046728972,14.4859813084112,19.1588785046729
