"","All","None","Some"
"Frequency",5,41,46
"Percentage",5.43478260869565,44.5652173913043,50
