"","","Agree","Disagree","Strongly agree","Strongly disagree"
"Frequency",6,99,40,46,23
"Percentage",2.80373831775701,46.2616822429907,18.6915887850467,21.4953271028037,10.7476635514019
