"","","Frequently","Never","Occasionally","Rarely"
"Frequency",10,69,8,80,47
"Percentage",4.67289719626168,32.2429906542056,3.73831775700935,37.3831775700935,21.9626168224299
