"","Always","Most of the time","Some of the time","Rarely","Never","NA"
"Frequency",41,41,35,37,64,0
"Percentage",18.8073394495413,18.8073394495413,16.0550458715596,16.9724770642202,29.3577981651376,0
