"","","Always","Most of the time","Never","Rarely","Some of the time"
"Frequency",7,14,30,74,39,50
"Percentage",3.27102803738318,6.54205607476635,14.018691588785,34.5794392523364,18.2242990654206,23.3644859813084
