"","Frequently","Never","Occasionally","Rarely"
"Frequency",91,10,65,36
"Percentage",45.049504950495,4.95049504950495,32.1782178217822,17.8217821782178
