"","","Not important","Somewhat important","Somewhat not important","Very important"
"Frequency",8,10,61,25,110
"Percentage",3.73831775700935,4.67289719626168,28.5046728971963,11.6822429906542,51.4018691588785
