"","All","None","Some"
"Frequency",24,11,61
"Percentage",25,11.4583333333333,63.5416666666667
