"","","Always","Most of the time","Never","Rarely","Some of the time"
"Frequency",102,2,4,47,35,24
"Percentage",47.6635514018692,0.934579439252336,1.86915887850467,21.9626168224299,16.3551401869159,11.214953271028
