"","Always","Most of the time","Some of the time","Rarely","Never","NA"
"Frequency",2,4,23,37,152,0
"Percentage",0.917431192660551,1.8348623853211,10.5504587155963,16.9724770642202,69.7247706422018,0
