"","To a great extent","Somewhat","Very little","Not at all","NA"
"Frequency",117,77,17,7,0
"Percentage",53.6697247706422,35.3211009174312,7.79816513761468,3.21100917431193,0
