"","","Asian","Black or African American","Hispanic","Hispanic,Other","Hispanic,White","Other","Other,Prefer not to say","Prefer not to say","White","White,Other"
"Frequency",5,38,3,7,1,2,12,1,7,136,2
"Percentage",2.33644859813084,17.7570093457944,1.4018691588785,3.27102803738318,0.467289719626168,0.934579439252336,5.60747663551402,0.467289719626168,3.27102803738318,63.5514018691589,0.934579439252336
