"","Frequently","Never","Occasionally","Rarely"
"Frequency",53,14,73,59
"Percentage",26.6331658291457,7.03517587939699,36.6834170854271,29.6482412060301
