"","Frequently","Never","Occasionally","Rarely"
"Frequency",45,9,91,54
"Percentage",22.6130653266332,4.52261306532663,45.7286432160804,27.1356783919598
