"","","Frequently","Never","Occasionally","Rarely"
"Frequency",11,76,6,77,44
"Percentage",5.14018691588785,35.5140186915888,2.80373831775701,35.981308411215,20.5607476635514
