"","","Always","Most of the time","Never","Rarely","Some of the time"
"Frequency",81,13,18,45,27,30
"Percentage",37.8504672897196,6.07476635514019,8.41121495327103,21.0280373831776,12.6168224299065,14.018691588785
