"","","Did not attempt","No","Yes, all","Yes, some"
"Frequency",116,28,19,26,25
"Percentage",54.2056074766355,13.0841121495327,8.8785046728972,12.1495327102804,11.6822429906542
