"","","Not important","Somewhat important","Somewhat not important","Very important"
"Frequency",8,18,68,47,73
"Percentage",3.73831775700935,8.41121495327103,31.7757009345794,21.9626168224299,34.1121495327103
