"","","Not important","Somewhat important","Somewhat not important","Very important"
"Frequency",9,14,75,22,94
"Percentage",4.20560747663551,6.54205607476635,35.0467289719626,10.2803738317757,43.9252336448598
