"","","Frequently","Never","Occasionally","Rarely"
"Frequency",11,79,10,76,38
"Percentage",5.14018691588785,36.9158878504673,4.67289719626168,35.5140186915888,17.7570093457944
