"","","Agree","Disagree","Strongly agree","Strongly disagree"
"Frequency",29,41,77,19,48
"Percentage",13.5514018691589,19.1588785046729,35.981308411215,8.8785046728972,22.4299065420561
