"","No","Yes"
"Frequency",60,154
"Percentage",28.0373831775701,71.9626168224299
