"","No","Yes"
"Frequency",39,176
"Percentage",18.1395348837209,81.8604651162791
