"","Not at all","Somewhat","To a great extent","Very little"
"Frequency",102,43,14,55
"Percentage",47.6635514018692,20.0934579439252,6.54205607476635,25.7009345794392
