"","Frequently","Never","Occasionally","Rarely"
"Frequency",59,6,96,44
"Percentage",28.780487804878,2.92682926829268,46.8292682926829,21.4634146341463
