"","","Frequently","Never","Occasionally","Rarely"
"Frequency",9,16,22,46,121
"Percentage",4.20560747663551,7.47663551401869,10.2803738317757,21.4953271028037,56.5420560747664
