"","","Not at all","Somewhat","To a great extent","Very little"
"Frequency",1,36,81,63,33
"Percentage",0.467289719626168,16.8224299065421,37.8504672897196,29.4392523364486,15.4205607476636
