"","Not at all","Somewhat","To a great extent","Very little"
"Frequency",4,78,108,24
"Percentage",1.86915887850467,36.4485981308411,50.4672897196262,11.214953271028
