"","","Frequently","Never","Occasionally","Rarely"
"Frequency",15,45,9,91,54
"Percentage",7.00934579439252,21.0280373831776,4.20560747663551,42.5233644859813,25.2336448598131
