"","","No","Yes"
"Frequency",10,81,123
"Percentage",4.67289719626168,37.8504672897196,57.4766355140187
