"","No","Unsure","Yes"
"Frequency",11,11,192
"Percentage",5.14018691588785,5.14018691588785,89.7196261682243
