"","Agree","Disagree","Strongly agree","Strongly disagree"
"Frequency",52,107,5,40
"Percentage",25.4901960784314,52.4509803921569,2.45098039215686,19.6078431372549
