"","","No","Yes"
"Frequency",2,111,101
"Percentage",0.934579439252336,51.8691588785047,47.196261682243
