"","To a great extent","Somewhat","Very little","Not at all","NA"
"Frequency",14,46,55,103,0
"Percentage",6.42201834862385,21.1009174311927,25.2293577981651,47.2477064220183,0
