"","","Always","Most of the time","Never","Rarely","Some of the time"
"Frequency",8,29,52,12,46,67
"Percentage",3.73831775700935,13.5514018691589,24.2990654205607,5.60747663551402,21.4953271028037,31.3084112149533
