"","Frequently","Never","Occasionally","Rarely"
"Frequency",79,10,76,38
"Percentage",38.9162561576355,4.92610837438424,37.4384236453202,18.7192118226601
