"","Frequently","Never","Occasionally","Rarely"
"Frequency",76,6,77,44
"Percentage",37.4384236453202,2.95566502463054,37.9310344827586,21.6748768472906
