"","","No","Yes"
"Frequency",3,59,152
"Percentage",1.4018691588785,27.5700934579439,71.0280373831776
