"","No","Yes"
"Frequency",69,144
"Percentage",32.3943661971831,67.6056338028169
