"","","Not important","Somewhat important","Somewhat not important","Very important"
"Frequency",8,17,70,29,90
"Percentage",3.73831775700935,7.94392523364486,32.7102803738318,13.5514018691589,42.0560747663551
