"","Frequently","Never","Occasionally","Rarely"
"Frequency",69,8,80,47
"Percentage",33.8235294117647,3.92156862745098,39.2156862745098,23.0392156862745
