"","","Frequently","Never","Occasionally","Rarely"
"Frequency",9,83,10,81,31
"Percentage",4.20560747663551,38.785046728972,4.67289719626168,37.8504672897196,14.4859813084112
