"","Yes","No","Unsure","NA"
"Frequency",196,11,11,0
"Percentage",89.9082568807339,5.04587155963303,5.04587155963303,0
