"","","Did not attempt","No","Yes, all","Yes, some"
"Frequency",115,9,22,20,48
"Percentage",53.7383177570093,4.20560747663551,10.2803738317757,9.34579439252336,22.4299065420561
