"","","Agree","Disagree","Strongly agree","Strongly disagree"
"Frequency",8,84,69,27,26
"Percentage",3.73831775700935,39.2523364485981,32.2429906542056,12.6168224299065,12.1495327102804
