"","Always","Most of the time","Some of the time","Rarely","Never","NA"
"Frequency",29,54,67,47,21,0
"Percentage",13.302752293578,24.7706422018349,30.7339449541284,21.5596330275229,9.63302752293578,0
