"","","No","Yes"
"Frequency",4,67,143
"Percentage",1.86915887850467,31.3084112149533,66.8224299065421
