"","","Not important","Somewhat important","Somewhat not important","Very important"
"Frequency",11,12,88,25,78
"Percentage",5.14018691588785,5.60747663551402,41.1214953271028,11.6822429906542,36.4485981308411
