"","","Did not attempt","No","Yes, all","Yes, some"
"Frequency",115,4,14,27,54
"Percentage",53.7383177570093,1.86915887850467,6.54205607476635,12.6168224299065,25.2336448598131
