"","","Not important","Somewhat important","Somewhat not important","Very important"
"Frequency",9,14,80,22,89
"Percentage",4.20560747663551,6.54205607476635,37.3831775700935,10.2803738317757,41.588785046729
