"","Agree","Disagree","Strongly agree","Strongly disagree"
"Frequency",113,30,52,7
"Percentage",55.9405940594059,14.8514851485149,25.7425742574257,3.46534653465347
