"","","All","None","Some"
"Frequency",122,4,41,47
"Percentage",57.0093457943925,1.86915887850467,19.1588785046729,21.9626168224299
