"","","Not important","Somewhat important","Somewhat not important","Very important"
"Frequency",8,17,72,25,92
"Percentage",3.73831775700935,7.94392523364486,33.6448598130841,11.6822429906542,42.9906542056075
