"","Agree","Disagree","Strongly agree","Strongly disagree"
"Frequency",41,79,20,48
"Percentage",21.8085106382979,42.0212765957447,10.6382978723404,25.531914893617
