"","Quantitative","Qualitative","Mixed Methods","NA"
"Frequency",92,40,85,1
"Percentage",42.2018348623853,18.348623853211,38.9908256880734,0.458715596330275
