"","No","Yes"
"Frequency",116,95
"Percentage",54.9763033175355,45.0236966824645
