"","","Agree","Disagree","Strongly agree","Strongly disagree"
"Frequency",13,52,106,5,38
"Percentage",6.07476635514019,24.2990654205607,49.5327102803738,2.33644859813084,17.7570093457944
