"","To a great extent","Somewhat","Very little","Not at all","NA"
"Frequency",103,83,22,9,1
"Percentage",47.2477064220183,38.0733944954128,10.0917431192661,4.12844036697248,0.458715596330275
