"","18-34 years old","35-54 years old","55+ years old"
"Frequency",42,134,38
"Percentage",19.6261682242991,62.6168224299065,17.7570093457944
