"","","All","None","Some"
"Frequency",117,19,20,58
"Percentage",54.6728971962617,8.8785046728972,9.34579439252336,27.1028037383178
