"","","Mixed Methods","Qualitative","Quantitative"
"Frequency",1,83,38,92
"Percentage",0.467289719626168,38.785046728972,17.7570093457944,42.9906542056075
