"","Frequently","Never","Occasionally","Rarely"
"Frequency",16,22,46,121
"Percentage",7.80487804878049,10.7317073170732,22.4390243902439,59.0243902439024
