"","","Agree","Disagree","Strongly agree","Strongly disagree"
"Frequency",25,73,79,19,18
"Percentage",11.6822429906542,34.1121495327103,36.9158878504673,8.8785046728972,8.41121495327103
