"","","Frequently","Never","Occasionally","Rarely"
"Frequency",12,90,10,66,36
"Percentage",5.60747663551402,42.0560747663551,4.67289719626168,30.8411214953271,16.8224299065421
