"","","No","Yes"
"Frequency",8,91,115
"Percentage",3.73831775700935,42.5233644859813,53.7383177570093
