"","Always","Most of the time","Some of the time","Rarely","Never","NA"
"Frequency",34,63,51,42,28,0
"Percentage",15.5963302752294,28.8990825688073,23.394495412844,19.2660550458716,12.8440366972477,0
