"","Frequently","Never","Occasionally","Rarely"
"Frequency",65,9,91,42
"Percentage",31.4009661835749,4.34782608695652,43.9613526570048,20.2898550724638
