"","","Always","Most of the time","Never","Rarely","Some of the time"
"Frequency",27,40,41,35,35,36
"Percentage",12.6168224299065,18.6915887850467,19.1588785046729,16.3551401869159,16.3551401869159,16.8224299065421
