"","Agree","Disagree","Strongly agree","Strongly disagree"
"Frequency",84,70,27,27
"Percentage",40.3846153846154,33.6538461538462,12.9807692307692,12.9807692307692
