"","","Always","Most of the time","Never","Rarely","Some of the time"
"Frequency",21,35,53,9,31,65
"Percentage",9.81308411214953,16.3551401869159,24.7663551401869,4.20560747663551,14.4859813084112,30.3738317757009
