"","To a great extent","Somewhat","Very little","Not at all","NA"
"Frequency",61,68,37,52,0
"Percentage",27.9816513761468,31.1926605504587,16.9724770642202,23.8532110091743,0
