"","","Always","Most of the time","Never","Rarely","Some of the time"
"Frequency",4,34,62,23,40,51
"Percentage",1.86915887850467,15.8878504672897,28.9719626168224,10.7476635514019,18.6915887850467,23.8317757009346
